"Subgroup","Expected Mean","Control_withoutER","Control_withER","Control_withERchemo","Screen_withoutER","Screen_withER","Screen_withERchemo"
"Early.ER+",22.4215246636771,24.6035978695365,32.311678935895,32.311678935895,24.6035978695365,32.311678935895,32.311678935895
"Early.ER-",22.4215246636771,22.6638439410885,22.6638439410885,29.2436695660463,22.6638439410885,22.6638439410885,29.2436695660463
"Advanced.ER+",4.76190476190476,5.16610639503974,6.80468084918665,6.80468084918665,5.16610639503974,6.80468084918665,6.80468084918665
"Advanced.ER-",4.76190476190476,4.76840616289971,4.76840616289971,6.15278188132023,4.76840616289971,4.76840616289971,6.15278188132023
