"Subgroup","Expected Mean","Control_withoutER","Control_withER","Control_withERchemo","Screen_withoutER","Screen_withER","Screen_withERchemo"
"Early.ER+",22.4215246636771,24.2947759925733,31.9782590411542,31.9782590411542,24.2947759925733,31.9782590411542,31.9782590411542
"Early.ER-",22.4215246636771,22.4328028635413,22.4328028635413,28.9455520130671,22.4328028635413,22.4328028635413,28.9455520130671
"Advanced.ER+",4.76190476190476,5.16096976636032,6.79040068897506,6.79040068897506,5.16096976636032,6.79040068897506,6.79040068897506
"Advanced.ER-",4.76190476190476,4.76712304546905,4.76712304546905,6.15112614564523,4.76712304546905,4.76712304546905,6.15112614564523
