"Subgroup","Expected Mean","Control_withoutER","Control_withER","Screen_withoutER","Screen_withER"
"Early.ER+",22.4215246636771,24.3708904419141,32.0710977311582,24.3282560171567,32.0083498734378
"Early.ER-",22.4215246636771,22.3956476028688,22.3956476028688,22.4352516161398,22.4352516161398
"Advanced.ER+",4.76190476190476,5.16598153164603,6.79610000150077,5.16732207862641,6.79915386883896
"Advanced.ER-",4.76190476190476,4.76587621098878,4.76587621098878,4.76378327078641,4.76378327078641
